k_mean,lambda,loss,loss_data,loss_phy,mae,rmse,val_loss,val_loss_data,val_loss_phy,val_mae,val_rmse,learning_rate
0.13500000536441803,1.0,2.611586093902588,2.6033613681793213,0.008225709199905396,1.0336196422576904,1.61338210105896,4.679239273071289,4.669900417327881,0.009339776821434498,1.2089260816574097,2.1646950244903564,0.0010000000474974513
0.13500000536441803,1.0,1.745242953300476,1.7371474504470825,0.00809568166732788,0.8284400105476379,1.3173285722732544,1.6012849807739258,1.5933877229690552,0.00789682101458311,0.8119902610778809,1.2631763219833374,0.0010000000474974513
0.13500000536441803,0.9999822378158569,1.5746513605117798,1.566557765007019,0.008093140088021755,0.7784344553947449,1.2511123418807983,1.88419508934021,1.8754985332489014,0.008696384727954865,0.8352064490318298,1.3718960285186768,0.0010000000474974513
0.13500000536441803,0.9999289512634277,1.4642133712768555,1.4561456441879272,0.008068069815635681,0.74319988489151,1.20689857006073,1.9946694374084473,1.9873462915420532,0.007323155179619789,0.90909743309021,1.41218900680542,0.0010000000474974513
0.13500000536441803,0.9998401403427124,1.4329235553741455,1.4248653650283813,0.008059675805270672,0.7299989461898804,1.1930196285247803,1.5263274908065796,1.5183073282241821,0.008021584711968899,0.7469410300254822,1.23478364944458,0.0010000000474974513
0.13500000536441803,0.9997157454490662,1.3379533290863037,1.3299146890640259,0.00804099626839161,0.7087666988372803,1.1533797979354858,3.124074935913086,3.1171393394470215,0.006938323378562927,1.248934268951416,1.7655867338180542,0.0010000000474974513
0.13500000536441803,0.9995558857917786,1.289743423461914,1.2817068099975586,0.008040625602006912,0.693394660949707,1.1321665048599243,33.4083137512207,33.4022102355957,0.006096686702221632,3.856431245803833,5.778731346130371,0.0010000000474974513
0.13500000536441803,0.9993605017662048,1.2593646049499512,1.2513362169265747,0.008033339865505695,0.6857302188873291,1.1176161766052246,2.2654855251312256,2.257157802581787,0.00833234004676342,0.8491965532302856,1.5052472352981567,0.0010000000474974513
0.13500000536441803,0.9991296529769897,1.2372026443481445,1.2291830778121948,0.008026390336453915,0.6821582913398743,1.1087247133255005,1.6578706502914429,1.6498180627822876,0.008060193620622158,0.7217788100242615,1.2869786024093628,0.0010000000474974513
0.13500000536441803,0.9988632798194885,1.1949982643127441,1.186962366104126,0.008044457994401455,0.672501802444458,1.0890642404556274,1.6620663404464722,1.6537554264068604,0.008320460096001625,0.7416484951972961,1.2885597944259644,0.0010000000474974513
0.13500000536441803,0.9985613822937012,1.1653329133987427,1.1573138236999512,0.008030007593333721,0.6623221039772034,1.0757452249526978,2.3095321655273438,2.3023698329925537,0.007173460442572832,1.039642572402954,1.517594814300537,0.0010000000474974513
0.13500000536441803,0.9982240796089172,1.127794623374939,1.1197818517684937,0.008026683703064919,0.6588284969329834,1.0583789348602295,0.837191104888916,0.8291879892349243,0.008017580956220627,0.5718545317649841,0.9124339818954468,0.0010000000474974513
0.13500000536441803,0.9978512525558472,1.1267160177230835,1.118706226348877,0.008026860654354095,0.6546074748039246,1.0572669506072998,1.0115325450897217,1.0037667751312256,0.007782652508467436,0.6476459503173828,1.00348961353302,0.0010000000474974513
0.13500000536441803,0.9974430203437805,1.1067509651184082,1.0987465381622314,0.008024749346077442,0.6472850441932678,1.048631191253662,1.1185991764068604,1.110705018043518,0.00791418831795454,0.6447975039482117,1.0546106100082397,0.0010000000474974513
0.13500000536441803,0.9969993233680725,1.1142473220825195,1.1062370538711548,0.008035051636397839,0.6466202139854431,1.0504629611968994,0.8384004235267639,0.8302701711654663,0.00815495289862156,0.5602218508720398,0.9127428531646729,0.0010000000474974513
0.13500000536441803,0.9965202212333679,1.0958195924758911,1.0878158807754517,0.008031542412936687,0.6426278948783875,1.0433011054992676,0.7792913317680359,0.7713598012924194,0.007958972826600075,0.5511890053749084,0.8800275921821594,0.0010000000474974513
0.13500000536441803,0.9960057735443115,1.0746012926101685,1.066611886024475,0.008021706715226173,0.632797122001648,1.0328701734542847,0.9015714526176453,0.8934531211853027,0.008151167072355747,0.5788225531578064,0.9470016956329346,0.0010000000474974513
0.13500000536441803,0.9954559206962585,1.0396885871887207,1.0316978693008423,0.008027717471122742,0.6271296739578247,1.0157867670059204,1.235006332397461,1.2266231775283813,0.008421448059380054,0.6528849601745605,1.1093783378601074,0.0010000000474974513
0.13500000536441803,0.9948707222938538,1.0390820503234863,1.0310935974121094,0.008029501885175705,0.6233215928077698,1.013365626335144,0.8570449948310852,0.8487178087234497,0.008369925431907177,0.5539801716804504,0.9228721857070923,0.0010000000474974513
0.13500000536441803,0.9942501783370972,1.0042428970336914,0.9962618350982666,0.008027276955544949,0.6198883056640625,0.9979384541511536,2.647573947906494,2.6387863159179688,0.008838122710585594,0.8987336158752441,1.6270722150802612,0.0010000000474974513
0.13500000536441803,0.9935943484306335,1.0025639533996582,0.9945878386497498,0.008027142845094204,0.6172407865524292,0.9974107146263123,0.992250919342041,0.984233558177948,0.008068774826824665,0.6054673194885254,0.9939556121826172,0.0010000000474974513
0.13500000536441803,0.9929032325744629,0.9955122470855713,0.9875410199165344,0.008028477430343628,0.6153063178062439,0.9939472079277039,1.3568254709243774,1.3488274812698364,0.008055453188717365,0.6910743117332458,1.16155207157135,0.0010000000474974513
0.13500000536441803,0.99217689037323,0.9939519166946411,0.9859880208969116,0.008027121424674988,0.6109214425086975,0.9924255609512329,1.0387969017028809,1.0305298566818237,0.008332622237503529,0.622873067855835,1.017014980316162,0.0010000000474974513
0.13500000536441803,0.99141526222229,0.9598623514175415,0.9518999457359314,0.008031342178583145,0.6048691272735596,0.9759511351585388,1.2054977416992188,1.1972404718399048,0.008328555151820183,0.6805989742279053,1.0954389572143555,0.0010000000474974513
0.13500000536441803,0.9906185269355774,0.9545485973358154,0.9465980529785156,0.00802624225616455,0.6011473536491394,0.9724797010421753,1.6076889038085938,1.599321961402893,0.008446344174444675,0.7173497676849365,1.2671130895614624,0.0010000000474974513
0.13500000536441803,0.9897865653038025,0.9583678841590881,0.9504196643829346,0.008030525408685207,0.5993372201919556,0.9751660227775574,0.8366594910621643,0.8288695812225342,0.007870178669691086,0.5772287249565125,0.9123324751853943,0.0010000000474974513
0.13500000536441803,0.9889194965362549,0.9464800953865051,0.9385454058647156,0.008023513481020927,0.5971336364746094,0.9687829613685608,0.8545047640800476,0.8465985655784607,0.007995017804205418,0.5680831670761108,0.9211335182189941,0.0010000000474974513
0.13500000536441803,0.9880173206329346,0.9417665600776672,0.9338388442993164,0.008024059236049652,0.5972936749458313,0.9665032625198364,1.1847797632217407,1.1774340867996216,0.007435040548443794,0.7411505579948425,1.0853060483932495,0.0010000000474974513
0.13500000536441803,0.9870801568031311,0.9222283959388733,0.9143046140670776,0.008027455769479275,0.5929604172706604,0.9543860554695129,0.8728538155555725,0.8648422360420227,0.008116268552839756,0.5542033314704895,0.9316330552101135,0.0010000000474974513
0.13500000536441803,0.9861078858375549,0.9137476086616516,0.9058264493942261,0.008032054640352726,0.5888876914978027,0.9517978429794312,0.7280751466751099,0.7201735973358154,0.00801322516053915,0.5191569328308105,0.8495949506759644,0.0010000000474974513
0.13500000536441803,0.9851006865501404,0.9012661576271057,0.8933504223823547,0.008034997619688511,0.5847376585006714,0.9454830884933472,5.12716007232666,5.11740779876709,0.009899366647005081,1.38211190700531,2.2658121585845947,0.0010000000474974513
0.13500000536441803,0.9840584993362427,0.9174004197120667,0.9095009565353394,0.008026963099837303,0.5838353633880615,0.9534515142440796,0.7287508249282837,0.7206916809082031,0.008189760148525238,0.5091798901557922,0.8504967093467712,0.0010000000474974513
0.13500000536441803,0.9829814434051514,0.9089359641075134,0.9010469913482666,0.008025839924812317,0.5824938416481018,0.9488757252693176,0.8202943801879883,0.8122027516365051,0.008231846615672112,0.5306416749954224,0.9027934670448303,0.0010000000474974513
0.13500000536441803,0.9818695187568665,0.923664391040802,0.9157648086547852,0.008045629598200321,0.583577036857605,0.957191526889801,1.3560152053833008,1.3482074737548828,0.007952162995934486,0.706016480922699,1.1634547710418701,0.0010000000474974513
0.13500000536441803,0.9807227849960327,0.8867202401161194,0.8788405656814575,0.008034477941691875,0.5774074792861938,0.9375547170639038,1.5734988451004028,1.5649032592773438,0.008764831349253654,0.796880304813385,1.2524359226226807,0.0010000000474974513
0.13500000536441803,0.9795413017272949,0.8839495182037354,0.8760713338851929,0.008042671717703342,0.5769452452659607,0.9361500144004822,0.9333915710449219,0.9253721237182617,0.00818673986941576,0.5776175260543823,0.9634695649147034,0.0010000000474974513
0.13500000536441803,0.9783250689506531,0.8640123605728149,0.856150209903717,0.008036304265260696,0.5701530575752258,0.9255034923553467,1.2968918085098267,1.2885111570358276,0.008566413074731827,0.6738860011100769,1.13711678981781,0.0010000000474974513
0.13500000536441803,0.9770742058753967,0.8986536860466003,0.890808641910553,0.0080294543877244,0.5724589824676514,0.9439616799354553,1.5915645360946655,1.583247423171997,0.00851165410131216,0.7465070486068726,1.2587611675262451,0.0010000000474974513
0.13500000536441803,0.9757886528968811,0.8501705527305603,0.8423267006874084,0.008038411848247051,0.5690281391143799,0.9179555177688599,1.747221827507019,1.7400699853897095,0.007328839041292667,0.907080352306366,1.3199572563171387,0.0010000000474974513
0.13500000536441803,0.9744685888290405,0.8428736925125122,0.8350421786308289,0.008036605082452297,0.5660720467567444,0.9135105013847351,1.0297164916992188,1.021719217300415,0.008206839673221111,0.6089696884155273,1.0127521753311157,0.0010000000474974513
0.13500000536441803,0.9731139540672302,0.848953902721405,0.8411383032798767,0.008031955920159817,0.5652410984039307,0.9172530770301819,2.1356146335601807,2.1282336711883545,0.007584645412862301,0.9396203756332397,1.459687352180481,0.0010000000474974513
0.13500000536441803,0.9717248678207397,0.8489018678665161,0.8411003351211548,0.008028572425246239,0.5660795569419861,0.9172306060791016,2.1558313369750977,2.1479732990264893,0.008086521178483963,0.8079175353050232,1.4683061838150024,0.0010000000474974513
0.13500000536441803,0.9703013300895691,0.8154276609420776,0.8076295256614685,0.008036813698709011,0.5576671957969666,0.8988086581230164,2.012112617492676,2.003983974456787,0.00837690755724907,0.8053744435310364,1.4183366298675537,0.0010000000474974513
0.13500000536441803,0.9688434600830078,0.820627748966217,0.8128431439399719,0.008034942671656609,0.5569422245025635,0.9017425179481506,1.3662608861923218,1.3584007024765015,0.008112876676023006,0.6721887588500977,1.1666215658187866,0.0010000000474974513
0.13500000536441803,0.9673513174057007,0.8215950727462769,0.8138198852539062,0.008037431165575981,0.5595098733901978,0.9020063281059265,1.2882882356643677,1.2805200815200806,0.008029874414205551,0.6744144558906555,1.1336919069290161,0.0010000000474974513
0.13500000536441803,0.9658249020576477,0.8249315619468689,0.8171647191047668,0.008041514083743095,0.5525502562522888,0.9041967988014221,1.8586421012878418,1.8506683111190796,0.008255818858742714,0.8562490940093994,1.361319661140442,0.0010000000474974513
0.13500000536441803,0.9642643332481384,0.8370682597160339,0.82932448387146,0.008031000383198261,0.5557959079742432,0.9108267426490784,1.630699634552002,1.6233073472976685,0.007666332647204399,0.8030039668083191,1.276475429534912,0.0010000000474974513
0.13500000536441803,0.9626696109771729,0.8112902641296387,0.8035503029823303,0.008039837703108788,0.5474860668182373,0.8965837955474854,0.9160851240158081,0.9081897139549255,0.008201190270483494,0.5814052224159241,0.9538359045982361,0.0010000000474974513
0.13500000536441803,0.9610408544540405,0.8003467321395874,0.7926173210144043,0.008043077774345875,0.5468888282775879,0.8905230760574341,1.6188863515853882,1.6112383604049683,0.007957695983350277,0.7799237966537476,1.2660868167877197,0.0010000000474974513
0.13500000536441803,0.9593780636787415,0.8165971040725708,0.8088865280151367,0.008037460967898369,0.546973466873169,0.899222195148468,1.3768024444580078,1.368909239768982,0.008227023296058178,0.7181198000907898,1.1695151329040527,0.0010000000474974513
0.13500000536441803,0.95768141746521,0.7617474794387817,0.7540425062179565,0.008045759052038193,0.5301077365875244,0.8683251738548279,2.1247973442077637,2.1174275875091553,0.007695133797824383,0.8370352983474731,1.453739881515503,0.0005000000237487257
0.13500000536441803,0.9559508562088013,0.7437481880187988,0.7360564470291138,0.008046310395002365,0.5250963568687439,0.8576682209968567,1.02501380443573,1.017233967781067,0.008138228207826614,0.6162718534469604,1.0103943347930908,0.0005000000237487257
0.13500000536441803,0.9541865587234497,0.7427284121513367,0.73505038022995,0.008046857081353664,0.5240540504455566,0.8568674325942993,2.05853009223938,2.051151990890503,0.007733234670013189,0.8870671987533569,1.4324311017990112,0.0005000000237487257
0.13500000536441803,0.9523884654045105,0.6984994411468506,0.6908451914787292,0.008037210442125797,0.5153316259384155,0.8313047885894775,1.4080302715301514,1.4000104665756226,0.008421055972576141,0.635461151599884,1.1853604316711426,0.0005000000237487257
0.13500000536441803,0.950556755065918,0.7444295883178711,0.7367784976959229,0.008048883639276028,0.5195097923278809,0.857451319694519,1.762187123298645,1.754787564277649,0.007784430868923664,0.7836206555366516,1.3247506618499756,0.0005000000237487257
0.13500000536441803,0.9486914873123169,0.7444753050804138,0.7368446588516235,0.008043895475566387,0.5201374888420105,0.8585132360458374,0.5410059094429016,0.5332760810852051,0.008148099295794964,0.4218329191207886,0.7314906716346741,0.0005000000237487257
0.13500000536441803,0.946792721748352,0.7375145554542542,0.7298972606658936,0.008045442402362823,0.5172715783119202,0.8545506000518799,0.5652691721916199,0.5575103163719177,0.008194878697395325,0.42603516578674316,0.7480049729347229,0.0005000000237487257
0.13500000536441803,0.9448604583740234,0.723379373550415,0.7157754898071289,0.008047475479543209,0.5127318501472473,0.8446939587593079,1.0987324714660645,1.0911688804626465,0.008004781790077686,0.6074703931808472,1.0464977025985718,0.0005000000237487257
0.13500000536441803,0.9428948760032654,0.7177799940109253,0.7101893424987793,0.00805096048861742,0.5137426257133484,0.8429981470108032,1.538812518119812,1.5310916900634766,0.008188137784600258,0.7101102471351624,1.2397348880767822,0.0005000000237487257
0.13500000536441803,0.9408960342407227,0.7270764112472534,0.7194981575012207,0.008054634556174278,0.5131596922874451,0.8484368324279785,0.6147999167442322,0.6070877909660339,0.008196727372705936,0.4536297619342804,0.7804991006851196,0.0005000000237487257
0.13500000536441803,0.93886399269104,0.7133504748344421,0.7057974934577942,0.008044419810175896,0.5093502402305603,0.8400722146034241,1.3226242065429688,1.3147766590118408,0.008358300663530827,0.6462604999542236,1.1465908288955688,0.0005000000237487257
0.13500000536441803,0.9367988109588623,0.714867889881134,0.7073279023170471,0.008048910647630692,0.5113180875778198,0.8410034775733948,1.1404943466186523,1.1331772804260254,0.007810617797076702,0.6212022304534912,1.0664721727371216,0.0005000000237487257
0.13500000536441803,0.934700608253479,0.7002556324005127,0.6927332282066345,0.008047717623412609,0.5082395076751709,0.8323447704315186,1.038389801979065,1.030808925628662,0.00810981635004282,0.6081266403198242,1.0164157152175903,0.0005000000237487257
0.13500000536441803,0.9325695037841797,0.7176107168197632,0.7101025581359863,0.008051138371229172,0.508741557598114,0.8427122831344604,0.8414960503578186,0.8340389132499695,0.007996232248842716,0.5604430437088013,0.9147802591323853,0.0005000000237487257
0.13500000536441803,0.9304054379463196,0.7120180726051331,0.7045300006866455,0.0080484040081501,0.5090934634208679,0.8395560383796692,1.0190762281417847,1.0115503072738647,0.008088786154985428,0.6017177700996399,1.0054460763931274,0.0005000000237487257
0.13500000536441803,0.9282086491584778,0.6912981867790222,0.6838262677192688,0.008049912750720978,0.5037315487861633,0.8271529674530029,2.266573667526245,2.258389472961426,0.00881783477962017,0.9390706419944763,1.5054900646209717,0.0005000000237487257
0.13500000536441803,0.9259791374206543,0.7076132297515869,0.7001616954803467,0.008046870119869709,0.5073389410972595,0.836471438407898,2.395277738571167,2.3882436752319336,0.007595810107886791,0.993428647518158,1.5453033447265625,0.0005000000237487257
0.13500000536441803,0.9237170815467834,0.7061095833778381,0.6986738443374634,0.0080490717664361,0.5026920437812805,0.8359850645065308,3.188607692718506,3.1809418201446533,0.008299280889332294,1.0460044145584106,1.780663251876831,0.0005000000237487257
0.13500000536441803,0.9214224219322205,0.7044016718864441,0.6969833970069885,0.0080507081001997,0.5043072700500488,0.8348267674446106,0.9669498801231384,0.9593453407287598,0.008252839557826519,0.5651563405990601,0.9812780618667603,0.0005000000237487257
0.13500000536441803,0.9190953969955444,0.6950435042381287,0.6876457929611206,0.008048627525568008,0.5015923976898193,0.8293303847312927,0.9003168344497681,0.8929731845855713,0.007989918813109398,0.5559602379798889,0.9467782378196716,0.0005000000237487257
0.13500000536441803,0.9167360067367554,0.6838463544845581,0.6764669418334961,0.00804919097572565,0.50115966796875,0.8227010369300842,1.6347588300704956,1.6279242038726807,0.007455497980117798,0.8363929986953735,1.273584008216858,0.0005000000237487257
0.13500000536441803,0.9143443703651428,0.6727696061134338,0.6654078364372253,0.008051544427871704,0.4995267391204834,0.8157141804695129,1.218998670578003,1.2117317914962769,0.007947979494929314,0.6729755401611328,1.102658748626709,0.0005000000237487257
0.13500000536441803,0.9119205474853516,0.6779899001121521,0.6706512570381165,0.008046961389482021,0.49873554706573486,0.8174192905426025,1.1456491947174072,1.1379107236862183,0.008485724218189716,0.6437460780143738,1.0684494972229004,0.0005000000237487257
0.13500000536441803,0.9094647169113159,0.6774478554725647,0.6701173782348633,0.00805989746004343,0.49730557203292847,0.8188148736953735,1.523909330368042,1.516440749168396,0.008211853913962841,0.704046368598938,1.2335652112960815,0.0005000000237487257
0.13500000536441803,0.9069769382476807,0.677270770072937,0.669971227645874,0.008048026822507381,0.49650299549102783,0.8186332583427429,1.145286202430725,1.1381250619888306,0.007895664311945438,0.6420264840126038,1.068210482597351,0.0005000000237487257
0.13500000536441803,0.9044572710990906,0.6824151277542114,0.6751378774642944,0.00804564543068409,0.4982461631298065,0.8217088580131531,1.549119234085083,1.5419695377349854,0.00790485180914402,0.7543545961380005,1.238271951675415,0.0005000000237487257
0.13500000536441803,0.90190589427948,0.6648134589195251,0.6575490236282349,0.008054281584918499,0.4886164963245392,0.810741126537323,0.5898078680038452,0.5824571847915649,0.008150408044457436,0.43448197841644287,0.7644463777542114,0.0002500000118743628
0.13500000536441803,0.8993228077888489,0.634251058101654,0.6270084381103516,0.0080533716827631,0.4852503538131714,0.7918945550918579,0.651878833770752,0.6446413993835449,0.008047403767704964,0.4634876549243927,0.8042680621147156,0.0002500000118743628
0.13500000536441803,0.8967081904411316,0.6289787888526917,0.621756374835968,0.008054113015532494,0.48441386222839355,0.7886415719985962,1.2661951780319214,1.2588516473770142,0.008189663290977478,0.6173086166381836,1.1239148378372192,0.0002500000118743628
0.13500000536441803,0.8940621018409729,0.6502389311790466,0.643042802810669,0.008048935793340206,0.48263439536094666,0.8017765283584595,0.9706826210021973,0.9632396101951599,0.008324958384037018,0.5658873319625854,0.982448160648346,0.0002500000118743628
0.13500000536441803,0.8913846611976624,0.6547178030014038,0.6475440859794617,0.00804795604199171,0.4830720126628876,0.8044329881668091,0.5901888012886047,0.5830732583999634,0.007982572540640831,0.4343683123588562,0.7643962502479553,0.0002500000118743628
0.13500000536441803,0.8886759877204895,0.6535298228263855,0.646373450756073,0.008052777498960495,0.48309457302093506,0.803974449634552,0.9035131335258484,0.8962993025779724,0.008117634803056717,0.5168329477310181,0.9486208558082581,0.0002500000118743628
0.13500000536441803,0.8859362006187439,0.6438239812850952,0.636692225933075,0.008050871081650257,0.4800329804420471,0.7980820536613464,0.6164455413818359,0.6093962788581848,0.007956775836646557,0.4356391727924347,0.7817106246948242,0.0002500000118743628
0.13500000536441803,0.8831653594970703,0.6452078223228455,0.638099193572998,0.008048989810049534,0.48495006561279297,0.7989988923072815,0.6397291421890259,0.6325193047523499,0.008163610473275185,0.4554033875465393,0.7967503666877747,0.0002500000118743628
0.13500000536441803,0.8803636431694031,0.6460261940956116,0.6389384269714355,0.008050949312746525,0.4805125892162323,0.7995594143867493,0.594437301158905,0.5871817469596863,0.008241548202931881,0.440078467130661,0.767279326915741,0.0002500000118743628
0.13500000536441803,0.8775310516357422,0.6148993968963623,0.6078352928161621,0.008049415424466133,0.4802318215370178,0.7797181010246277,1.035413146018982,1.0282838344573975,0.008124026469886303,0.5912836790084839,1.0156853199005127,0.0002500000118743628
0.13500000536441803,0.8746678233146667,0.6267913579940796,0.619745135307312,0.00805593654513359,0.47809699177742004,0.7869234681129456,0.520176112651825,0.513239860534668,0.007930086925625801,0.4159241318702698,0.7175636887550354,0.0002500000118743628
0.13500000536441803,0.8717740178108215,0.6618828177452087,0.6548660397529602,0.008048615418374538,0.48366451263427734,0.8091450929641724,0.7089805603027344,0.7020096778869629,0.007996117696166039,0.5011670589447021,0.8392677903175354,0.0002500000118743628
0.13500000536441803,0.8688496947288513,0.6335986256599426,0.6266034245491028,0.008051441982388496,0.47822463512420654,0.7910857200622559,0.7734130620956421,0.7666083574295044,0.007831722497940063,0.5218334794044495,0.876666784286499,0.0002500000118743628
0.13500000536441803,0.8658950328826904,0.6265397071838379,0.6195664405822754,0.00805368460714817,0.4772401750087738,0.7871378064155579,1.0479295253753662,1.0411027669906616,0.007884128950536251,0.5756067633628845,1.0223058462142944,0.0002500000118743628
0.13500000536441803,0.8629101514816284,0.6369598507881165,0.6300095319747925,0.008054837584495544,0.4787779450416565,0.7933291792869568,1.6051404476165771,1.5980632305145264,0.00820170808583498,0.7430218458175659,1.2599445581436157,0.0002500000118743628
0.13500000536441803,0.8598951101303101,0.6354162693023682,0.6284942030906677,0.008050208911299706,0.47845616936683655,0.7926785349845886,1.8589529991149902,1.8520745038986206,0.00799987930804491,0.7861959338188171,1.3573718070983887,0.0002500000118743628
0.13500000536441803,0.8568501472473145,0.6374884843826294,0.6305918097496033,0.008048849180340767,0.4782932698726654,0.7942580580711365,0.5725721716880798,0.5655356049537659,0.008212155662477016,0.42795780301094055,0.7531149983406067,0.0002500000118743628
0.13500000536441803,0.8537752628326416,0.6308088898658752,0.6239351630210876,0.008050665259361267,0.4796174168586731,0.7901416420936584,1.1491703987121582,1.142167568206787,0.008202188648283482,0.6008250713348389,1.0704530477523804,0.0002500000118743628
0.13500000536441803,0.850670576095581,0.6293874979019165,0.6225386261940002,0.008051063865423203,0.47379785776138306,0.7887532711029053,0.570742130279541,0.5638383626937866,0.008115624077618122,0.4370223879814148,0.7519410252571106,0.0002500000118743628
0.13500000536441803,0.8475363254547119,0.6446607112884521,0.6378333568572998,0.008055047132074833,0.4799369275569916,0.798706591129303,0.6428089141845703,0.6359144449234009,0.008134406059980392,0.46775510907173157,0.7985649704933167,0.0002500000118743628
0.13500000536441803,0.8443725109100342,0.6186251640319824,0.6118295192718506,0.008048214949667454,0.47307324409484863,0.7822810411453247,1.5970573425292969,1.5903096199035645,0.007991448044776917,0.7414402961730957,1.263519525527954,0.0002500000118743628
0.13500000536441803,0.8411793112754822,0.6280116438865662,0.6212388873100281,0.008051717653870583,0.4742896556854248,0.7877060770988464,0.48868513107299805,0.48199838399887085,0.007949121296405792,0.4003623425960541,0.6956139802932739,0.0002500000118743628
0.13500000536441803,0.8379569053649902,0.6352664828300476,0.6285163164138794,0.00805510114878416,0.4749811291694641,0.7923871278762817,0.7741749882698059,0.7674459218978882,0.008029984310269356,0.519146203994751,0.8778257369995117,0.0002500000118743628
0.13500000536441803,0.8347053527832031,0.6198031902313232,0.6130824089050293,0.008051376789808273,0.47442615032196045,0.7829689383506775,0.8591309189796448,0.8526012897491455,0.007822480984032154,0.5644782781600952,0.9251096844673157,0.0002500000118743628
0.13500000536441803,0.8314247727394104,0.6261780261993408,0.6194850206375122,0.008049741387367249,0.4763917624950409,0.7868440747261047,0.7190195322036743,0.7121429443359375,0.008270583115518093,0.48722460865974426,0.845380961894989,0.0002500000118743628
0.13500000536441803,0.8281152844429016,0.6086846590042114,0.6020122766494751,0.008057472296059132,0.4721146821975708,0.7761536240577698,1.0323177576065063,1.0255861282348633,0.008129235357046127,0.5774967670440674,1.0146355628967285,0.0002500000118743628
0.13500000536441803,0.8247771263122559,0.6335616707801819,0.6269198060035706,0.008053199388086796,0.4738675355911255,0.7898879051208496,0.5345366597175598,0.5279203057289124,0.008021845482289791,0.4168466627597809,0.728047788143158,0.0002500000118743628
0.13500000536441803,0.8214102983474731,0.6221586465835571,0.6155383586883545,0.00805921945720911,0.4745938181877136,0.784498393535614,1.3573037385940552,1.3504080772399902,0.008395111188292503,0.6631484031677246,1.1642664670944214,0.0002500000118743628
0.13500000536441803,0.8180149793624878,0.6156803965568542,0.6090934872627258,0.008051957003772259,0.47162243723869324,0.7806097269058228,1.0820200443267822,1.0755822658538818,0.007869934663176537,0.5737245678901672,1.0388892889022827,0.0002500000118743628
0.13500000536441803,0.8145913481712341,0.6253900527954102,0.618825376033783,0.008058575913310051,0.47135093808174133,0.7866286039352417,0.8675614595413208,0.8610663414001465,0.0079729575663805,0.5505406260490417,0.9285761713981628,0.0002500000118743628
0.13500000536441803,0.8111395239830017,0.6331549882888794,0.6266217231750488,0.008054296486079693,0.47335049510002136,0.7916221022605896,0.509564995765686,0.50297611951828,0.008123117499053478,0.39588162302970886,0.710448682308197,0.0002500000118743628
0.13500000536441803,0.8076595664024353,0.6083734035491943,0.6018702387809753,0.00805172324180603,0.47016534209251404,0.775517463684082,0.7160015106201172,0.7093426585197449,0.008244441822171211,0.48821768164634705,0.8437022566795349,0.0002500000118743628
0.13500000536441803,0.804151713848114,0.6185740828514099,0.6120989322662354,0.008052542805671692,0.4711916744709015,0.7826026678085327,0.6369083523750305,0.6302507519721985,0.008279009722173214,0.449774831533432,0.7952990531921387,0.0002500000118743628
0.13500000536441803,0.8006160855293274,0.6106382012367249,0.6041895151138306,0.008054747246205807,0.4712757170200348,0.7774592638015747,0.8903986215591431,0.8839723467826843,0.008026428520679474,0.5306369066238403,0.941727876663208,0.0002500000118743628
0.13500000536441803,0.7970527410507202,0.5966731905937195,0.5902519226074219,0.008055980317294598,0.46749597787857056,0.7684212327003479,0.44629302620887756,0.43991661071777344,0.008000039495527744,0.3704727292060852,0.6643450260162354,0.0002500000118743628
0.13500000536441803,0.7934619188308716,0.6163522601127625,0.609961211681366,0.008054004050791264,0.47168347239494324,0.7809360027313232,1.2545961141586304,1.2479469776153564,0.008380334824323654,0.6161857843399048,1.1190024614334106,0.0002500000118743628
0.13500000536441803,0.7898436784744263,0.6042884588241577,0.5979282855987549,0.008052807301282883,0.4670880138874054,0.7734048366546631,0.8748872876167297,0.868374764919281,0.008244997821748257,0.5147484540939331,0.933073103427887,0.0002500000118743628
0.13500000536441803,0.7861982583999634,0.5961572527885437,0.5898229479789734,0.008056961931288242,0.46369636058807373,0.7681955695152283,0.8650606870651245,0.8586705923080444,0.0081282127648592,0.5422600507736206,0.9282543063163757,0.0002500000118743628
0.13500000536441803,0.7825257182121277,0.6160296201705933,0.609726071357727,0.008055267855525017,0.468995064496994,0.7808657288551331,0.7968190312385559,0.7904447317123413,0.008145893923938274,0.5115229487419128,0.8907270431518555,0.0002500000118743628
0.13500000536441803,0.7788262367248535,0.5993744134902954,0.5931013822555542,0.00805414468050003,0.4666576385498047,0.7687705755233765,0.6761760115623474,0.6698416471481323,0.008133374154567719,0.466085284948349,0.8198952674865723,0.0002500000118743628
0.13500000536441803,0.7750999331474304,0.6077893376350403,0.6015501022338867,0.008049693889915943,0.46988070011138916,0.7755950093269348,0.5752856135368347,0.5689935088157654,0.00811802688986063,0.4325774908065796,0.7555808424949646,0.0002500000118743628
0.13500000536441803,0.7713470458984375,0.6077955365180969,0.6015825271606445,0.008055045269429684,0.46703681349754333,0.7756155133247375,0.6887772083282471,0.6825572848320007,0.008064049296081066,0.48431941866874695,0.8273655772209167,0.0002500000118743628
0.13500000536441803,0.7675675749778748,0.605542004108429,0.599361777305603,0.00805156584829092,0.4665265381336212,0.7739464044570923,0.4424872398376465,0.43626731634140015,0.008103606291115284,0.3636917769908905,0.6617331504821777,0.0002500000118743628
0.13500000536441803,0.7637618184089661,0.6008237600326538,0.5946667194366455,0.008061275817453861,0.46522605419158936,0.7713010311126709,0.5576315522193909,0.5514775514602661,0.008057604543864727,0.41491392254829407,0.7435438632965088,0.0002500000118743628
0.13500000536441803,0.7599298357963562,0.6197112798690796,0.6135876178741455,0.008057573810219765,0.4681240916252136,0.7833670973777771,0.6581888794898987,0.6520230770111084,0.008113483898341656,0.47136974334716797,0.8089289665222168,0.0002500000118743628
0.13500000536441803,0.7560717463493347,0.6042999029159546,0.5982164144515991,0.008046440780162811,0.4670287072658539,0.7735670208930969,0.6065665483474731,0.600395679473877,0.008162098005414009,0.4420338273048401,0.776290237903595,0.0002500000118743628
0.13500000536441803,0.7521877884864807,0.5983960032463074,0.5923392176628113,0.008052029646933079,0.4652084708213806,0.7696654796600342,0.48032113909721375,0.4742588996887207,0.008059275336563587,0.3848482370376587,0.6899532675743103,0.0002500000118743628
0.13500000536441803,0.7482781410217285,0.5787238478660583,0.5726930499076843,0.008059916086494923,0.4622839391231537,0.7568448185920715,0.7722005248069763,0.7661649584770203,0.008065760135650635,0.49817678332328796,0.8768265843391418,0.0002500000118743628
0.13500000536441803,0.7443428635597229,0.600339949131012,0.594342827796936,0.008056902326643467,0.46436265110969543,0.7711692452430725,0.7539798617362976,0.7478652596473694,0.008214856497943401,0.49520936608314514,0.8662272691726685,0.0002500000118743628
0.13500000536441803,0.7403821349143982,0.6184946894645691,0.6125354766845703,0.00804907362908125,0.4701201617717743,0.7823421359062195,0.46149492263793945,0.455446720123291,0.008168788626790047,0.3772875964641571,0.6760110855102539,0.0002500000118743628
0.13500000536441803,0.736396074295044,0.6111294031143188,0.605195939540863,0.008056692779064178,0.46492406725883484,0.7779602408409119,0.5118502974510193,0.5059056878089905,0.008072344586253166,0.4087357521057129,0.7123886346817017,0.0002500000118743628
0.13500000536441803,0.732384979724884,0.6037269234657288,0.5978289246559143,0.008053102530539036,0.46610555052757263,0.7729865908622742,0.48109322786331177,0.4752444326877594,0.00798568781465292,0.38944360613822937,0.6903713941574097,0.0002500000118743628
0.13500000536441803,0.7283488512039185,0.6040756702423096,0.5982071757316589,0.008057334460318089,0.4624869227409363,0.7736735343933105,0.800287663936615,0.7942524552345276,0.008286403492093086,0.5190562009811401,0.8918330073356628,0.0002500000118743628
0.13500000536441803,0.7242879867553711,0.5884050130844116,0.5825678110122681,0.008058852516114712,0.4606560468673706,0.7631081342697144,0.532518208026886,0.5266588926315308,0.008089473471045494,0.415009468793869,0.7270153760910034,0.0002500000118743628
0.13500000536441803,0.7202024459838867,0.6005446910858154,0.5947396755218506,0.008060350082814693,0.4639764428138733,0.7712258100509644,0.6948251724243164,0.6891331076622009,0.007903359830379486,0.49060186743736267,0.8313727378845215,0.0002500000118743628
0.13500000536441803,0.7160924077033997,0.584031343460083,0.5782617926597595,0.008057634346187115,0.4603070616722107,0.7602061033248901,0.71389240026474,0.7081362009048462,0.00803876481950283,0.5021340847015381,0.8431444764137268,0.0002500000118743628
0.13500000536441803,0.7119580507278442,0.5935330390930176,0.5877946615219116,0.008059369400143623,0.4594855308532715,0.7666270732879639,0.7230607271194458,0.717158317565918,0.008290671743452549,0.47553369402885437,0.8474905490875244,0.0002500000118743628
0.13500000536441803,0.7077995538711548,0.5989720225334167,0.5932702422142029,0.0080557344481349,0.4590342342853546,0.7704729437828064,0.6365175247192383,0.630886435508728,0.007955883629620075,0.46420419216156006,0.7948364019393921,0.0002500000118743628
0.13500000536441803,0.7036170363426208,0.5969546437263489,0.5912866592407227,0.008055910468101501,0.4628720283508301,0.7691560387611389,0.9130589962005615,0.9072769284248352,0.008217452093958855,0.5548524856567383,0.954120397567749,0.0002500000118743628
0.13500000536441803,0.6994106769561768,0.5929645299911499,0.587333083152771,0.008051305077970028,0.4598779082298279,0.7665132880210876,0.6619293689727783,0.6563525199890137,0.007973497733473778,0.4730651378631592,0.8116916418075562,0.0002500000118743628
0.13500000536441803,0.6951806545257568,0.5935134291648865,0.5879107117652893,0.008058883249759674,0.46156027913093567,0.7653641700744629,1.80321204662323,1.7976140975952148,0.008053022436797619,0.777704656124115,1.3340864181518555,0.0002500000118743628
0.13500000536441803,0.6909272074699402,0.5820607542991638,0.5764958262443542,0.008054672740399837,0.4590884745121002,0.759123682975769,0.7451329231262207,0.7395841479301453,0.008030631579458714,0.5156245827674866,0.8615715503692627,0.0002500000118743628
0.13500000536441803,0.6866503357887268,0.6012824177742004,0.5957514643669128,0.008055468089878559,0.46251532435417175,0.7715517282485962,0.49022507667541504,0.4846120774745941,0.008174506016075611,0.38244232535362244,0.6972366571426392,0.0002500000118743628
0.13500000536441803,0.6823503375053406,0.580541729927063,0.5750449299812317,0.008056064136326313,0.4559501111507416,0.7583441734313965,0.6912885308265686,0.6857103705406189,0.008174790069460869,0.480887234210968,0.8293117880821228,0.0001250000059371814
0.13500000536441803,0.6780273914337158,0.6055151224136353,0.6000537872314453,0.008055217564105988,0.45543304085731506,0.7745630741119385,0.48984459042549133,0.4843651056289673,0.008081285282969475,0.3944809138774872,0.6972784996032715,0.0001250000059371814
0.13500000536441803,0.6736816167831421,0.5637351274490356,0.5583005547523499,0.008066533133387566,0.4522700309753418,0.7470754981040955,0.474581241607666,0.469096839427948,0.008141228929162025,0.3771992027759552,0.6860185861587524,0.0001250000059371814
0.13500000536441803,0.6693131327629089,0.5620683431625366,0.5566762089729309,0.008056127466261387,0.4483134150505066,0.7459725141525269,0.4267849624156952,0.4214009940624237,0.00804390199482441,0.35059526562690735,0.6503987908363342,0.0001250000059371814
0.13500000536441803,0.6649222373962402,0.5996487736701965,0.5942890644073486,0.008060324937105179,0.4533231258392334,0.7707481980323792,0.41230103373527527,0.4069269895553589,0.008082049898803234,0.3478088974952698,0.6390383243560791,0.0001250000059371814
0.13500000536441803,0.6605089902877808,0.555412232875824,0.550085186958313,0.008064836263656616,0.4505658745765686,0.741608738899231,0.44037747383117676,0.43504637479782104,0.00807103794068098,0.36040669679641724,0.6608651280403137,0.0001250000059371814
0.13500000536441803,0.6560736298561096,0.5801594257354736,0.5748705267906189,0.008061789907515049,0.450514018535614,0.7580991387367249,0.42218223214149475,0.41691067814826965,0.008034964092075825,0.3498864769935608,0.6468297243118286,0.0001250000059371814
0.13500000536441803,0.6516163349151611,0.579001784324646,0.5737504959106445,0.008058208972215652,0.452682763338089,0.7563208937644958,0.6335118412971497,0.6281622648239136,0.00820950884371996,0.45344242453575134,0.7937241196632385,0.0001250000059371814
0.13500000536441803,0.6471372842788696,0.5653876662254333,0.5601740479469299,0.008057010360062122,0.45209869742393494,0.7481219172477722,0.41489648818969727,0.40966567397117615,0.00808294489979744,0.3434850573539734,0.6412127017974854,0.0001250000059371814
0.13500000536441803,0.6426365971565247,0.5811285376548767,0.5759509205818176,0.00805705413222313,0.453228622674942,0.7590314149856567,0.4904901683330536,0.48534300923347473,0.00800959300249815,0.3921830356121063,0.6980037689208984,0.0001250000059371814
0.13500000536441803,0.6381145119667053,0.5764464139938354,0.5713064074516296,0.008055193349719048,0.45563164353370667,0.7560110688209534,0.44767871499061584,0.4425179362297058,0.008087676018476486,0.35967257618904114,0.6664888858795166,0.0001250000059371814
0.13500000536441803,0.6335711479187012,0.5893247723579407,0.5842177271842957,0.008061432279646397,0.45120105147361755,0.764410138130188,0.40609896183013916,0.40094923973083496,0.008128144778311253,0.3400847017765045,0.6343756318092346,0.0001250000059371814
0.13500000536441803,0.6290067434310913,0.5617401003837585,0.5566673278808594,0.008064312860369682,0.44896939396858215,0.7463147640228271,0.7672346234321594,0.762140154838562,0.008098885416984558,0.48065996170043945,0.8746767640113831,0.0001250000059371814
0.13500000536441803,0.6244214177131653,0.5801761746406555,0.5751449465751648,0.00805722363293171,0.45232370495796204,0.7586249113082886,0.48654672503471375,0.4815046191215515,0.008074752055108547,0.3759216070175171,0.6951732635498047,0.0001250000059371814
0.13500000536441803,0.6198154091835022,0.5840014219284058,0.5790059566497803,0.008060614578425884,0.4528157114982605,0.7611145377159119,0.5257031917572021,0.5206573009490967,0.008141051977872849,0.4043022692203522,0.722776472568512,0.0001250000059371814
0.13500000536441803,0.6151888966560364,0.5779306292533875,0.572976291179657,0.008053393103182316,0.4534304738044739,0.7572149038314819,0.4522210657596588,0.44725120067596436,0.008078532293438911,0.36697277426719666,0.6699452996253967,0.0001250000059371814
0.13500000536441803,0.6105420589447021,0.5611726641654968,0.5562506318092346,0.008061662316322327,0.4499841034412384,0.7450414896011353,0.6357902884483337,0.630865752696991,0.008065818808972836,0.44854235649108887,0.7957313656806946,0.0001250000059371814
0.13500000536441803,0.6058750152587891,0.5613881349563599,0.5565023422241211,0.008064118213951588,0.44629985094070435,0.7461717128753662,0.5365827679634094,0.5316848158836365,0.008084083907306194,0.4035969376564026,0.7306219935417175,0.0001250000059371814
0.13500000536441803,0.601188063621521,0.5621466636657715,0.5573015213012695,0.008059467189013958,0.45013976097106934,0.7466070055961609,0.6565359830856323,0.6516717672348022,0.008091037161648273,0.43563711643218994,0.8083957433700562,0.0001250000059371814
0.13500000536441803,0.5964812636375427,0.5591213703155518,0.5543144941329956,0.00805898942053318,0.4464837610721588,0.7445671558380127,0.5495643019676208,0.5447761416435242,0.008027452975511551,0.41946032643318176,0.7393454909324646,0.0001250000059371814
0.13500000536441803,0.5917549133300781,0.5791571140289307,0.574385941028595,0.008063587360084057,0.4495357871055603,0.7580395936965942,0.41161367297172546,0.4068198800086975,0.008101154118776321,0.34660929441452026,0.6389241814613342,0.0001250000059371814
0.13500000536441803,0.5870091319084167,0.5678185820579529,0.5630909204483032,0.008054439909756184,0.4513995349407196,0.7501594424247742,0.4847022593021393,0.47988778352737427,0.008201985619962215,0.3849422037601471,0.693821370601654,0.0001250000059371814
0.13500000536441803,0.5822440981864929,0.551852822303772,0.5471611022949219,0.008058344013988972,0.4470987915992737,0.7392035722732544,0.4750148057937622,0.47029173374176025,0.008112051524221897,0.384752094745636,0.6869364380836487,0.0001250000059371814
0.13500000536441803,0.5774600505828857,0.5755380988121033,0.5708836317062378,0.00806121900677681,0.4477577805519104,0.7555643916130066,0.4195004105567932,0.41482993960380554,0.008087582886219025,0.34905239939689636,0.6452193856239319,0.0001250000059371814
0.13500000536441803,0.5726571679115295,0.5795809030532837,0.5749695301055908,0.008052599616348743,0.452729731798172,0.7584266662597656,0.42828136682510376,0.42362451553344727,0.008132031187415123,0.35835134983062744,0.6520826816558838,0.0001250000059371814
0.13500000536441803,0.5678356289863586,0.5828747153282166,0.5782994627952576,0.008057828061282635,0.4514046013355255,0.7601504921913147,0.4077382981777191,0.40315040946006775,0.008079415187239647,0.3463178277015686,0.6361314654350281,0.0001250000059371814
0.13500000536441803,0.5629955530166626,0.5705992579460144,0.5660625696182251,0.008058251813054085,0.4512454569339752,0.7521411776542664,0.4095613658428192,0.40501952171325684,0.008067463524639606,0.34966376423835754,0.6375495791435242,0.0001250000059371814
0.13500000536441803,0.5581372976303101,0.5703065395355225,0.5658097267150879,0.008056750521063805,0.4492606222629547,0.7500378489494324,0.4317401945590973,0.42725399136543274,0.008037921972572803,0.363562673330307,0.654794454574585,0.0001250000059371814
0.13500000536441803,0.553260862827301,0.5727413296699524,0.5682814121246338,0.008060898631811142,0.4479092061519623,0.7539957165718079,0.5976797938346863,0.5931708812713623,0.008149595931172371,0.44504085183143616,0.7713274359703064,0.0001250000059371814
0.13500000536441803,0.5483666062355042,0.559266209602356,0.5548511147499084,0.00805082730948925,0.4486628472805023,0.745051383972168,0.577402651309967,0.5728874206542969,0.008234151639044285,0.4252205193042755,0.7579051852226257,0.0001250000059371814
0.13500000536441803,0.5434545874595642,0.556394100189209,0.5520148873329163,0.008058312349021435,0.448703408241272,0.7431873083114624,0.5489057302474976,0.5445146560668945,0.008080285042524338,0.4121524393558502,0.7393596172332764,0.0001250000059371814
0.13500000536441803,0.5385251045227051,0.5995373129844666,0.5951958298683167,0.0080616669729352,0.45471906661987305,0.771367609500885,0.3914704918861389,0.3871161639690399,0.008085768669843674,0.3334048390388489,0.6233685612678528,0.0001250000059371814
0.13500000536441803,0.5335783362388611,0.5597124695777893,0.5554143786430359,0.008055864833295345,0.4476785361766815,0.7452965378761292,0.5087211728096008,0.5044057965278625,0.00808741431683302,0.38077980279922485,0.7115294337272644,0.0001250000059371814
0.13500000536441803,0.5286144018173218,0.5660346150398254,0.5617753267288208,0.008058052510023117,0.44400855898857117,0.7491809725761414,0.4582158625125885,0.4539191722869873,0.008128127083182335,0.37629255652427673,0.6747838854789734,0.0001250000059371814
0.13500000536441803,0.5236335396766663,0.6017085313796997,0.5974847078323364,0.008065574802458286,0.45245611667633057,0.773189902305603,0.459453284740448,0.45522838830947876,0.008068562485277653,0.37970760464668274,0.6759803891181946,0.0001250000059371814
0.13500000536441803,0.5186359882354736,0.558030366897583,0.5538492202758789,0.008061944507062435,0.4421282708644867,0.7441991567611694,0.5901190638542175,0.5858713388442993,0.00819018017500639,0.4325542151927948,0.7662006616592407,0.0001250000059371814
0.13500000536441803,0.5136218667030334,0.5637754201889038,0.559636116027832,0.0080594876781106,0.44950607419013977,0.74830162525177,0.7331821918487549,0.7290129065513611,0.008117425255477428,0.4846529960632324,0.855296790599823,0.0001250000059371814
0.13500000536441803,0.5085914731025696,0.5755626559257507,0.5714649558067322,0.008056676015257835,0.44596433639526367,0.7547312378883362,0.46574628353118896,0.4616108238697052,0.008131427690386772,0.375762939453125,0.6804032921791077,0.0001250000059371814
0.13500000536441803,0.5035448670387268,0.5431539416313171,0.5390980243682861,0.008054856210947037,0.44566527009010315,0.734225332736969,0.44041576981544495,0.43637657165527344,0.008021553047001362,0.3641911447048187,0.6616842746734619,0.0001250000059371814
0.13500000536441803,0.4984824061393738,0.5545862913131714,0.5505686402320862,0.00805929396301508,0.4474552273750305,0.7419934868812561,0.7364127039909363,0.7323322892189026,0.008185663260519505,0.4728977382183075,0.8570773601531982,0.0001250000059371814
0.13500000536441803,0.49340417981147766,0.5637343525886536,0.5597577095031738,0.008058397099375725,0.44595569372177124,0.7477580904960632,0.5950263142585754,0.5909930467605591,0.00817418284714222,0.4206445813179016,0.7700321674346924,0.0001250000059371814
0.13500000536441803,0.48831042647361755,0.5704298615455627,0.5664947628974915,0.008059307001531124,0.4452962577342987,0.7516793012619019,0.43894341588020325,0.4350055158138275,0.008063962683081627,0.3562625050544739,0.6607739329338074,0.0001250000059371814
0.13500000536441803,0.48320135474205017,0.5677530765533447,0.5638576745986938,0.00806251261383295,0.44445598125457764,0.7511215209960938,0.4335472285747528,0.42962637543678284,0.008114060387015343,0.3552781343460083,0.6565349698066711,0.0001250000059371814
0.13500000536441803,0.47807714343070984,0.5665082335472107,0.5626569390296936,0.008056222461163998,0.4484483599662781,0.7501571178436279,0.45301225781440735,0.44913449883461,0.008111178874969482,0.37143346667289734,0.6712946891784668,0.0001250000059371814
0.13500000536441803,0.47293803095817566,0.5660897493362427,0.562279224395752,0.008057590574026108,0.44970136880874634,0.7498053908348083,0.4047081768512726,0.4008728563785553,0.008109614253044128,0.34345707297325134,0.6343892216682434,0.0001250000059371814
0.13500000536441803,0.46778416633605957,0.5704428553581238,0.5666701197624207,0.00806498620659113,0.4468248188495636,0.7530437707901001,0.4501333236694336,0.44639092683792114,0.007999906316399574,0.363433837890625,0.6694490909576416,0.0001250000059371814
0.13500000536441803,0.4626157879829407,0.5588765144348145,0.5551440119743347,0.00806928426027298,0.44619062542915344,0.7438842058181763,0.4108099937438965,0.407057523727417,0.008111510425806046,0.34785592555999756,0.639144778251648,0.0001250000059371814
0.13500000536441803,0.4574331045150757,0.5742198824882507,0.570533037185669,0.008059783838689327,0.44468337297439575,0.7552762031555176,0.47037577629089355,0.4666641354560852,0.008114091120660305,0.384942889213562,0.6842336058616638,0.0001250000059371814
0.13500000536441803,0.4522362947463989,0.5443356037139893,0.5406882762908936,0.008064841851592064,0.443462073802948,0.7353719472885132,0.4119032323360443,0.4082360565662384,0.008108889684081078,0.35029086470603943,0.6400695443153381,0.0001250000059371814
0.13500000536441803,0.4470255970954895,0.5561910271644592,0.5525858998298645,0.008065377362072468,0.44218409061431885,0.7430163621902466,0.4311564862728119,0.4274929165840149,0.00819558184593916,0.35686376690864563,0.654961347579956,0.0001250000059371814
0.13500000536441803,0.44180119037628174,0.5618913173675537,0.5583285093307495,0.008065332658588886,0.4448065161705017,0.7471786737442017,0.5424759387969971,0.5389190316200256,0.008050932548940182,0.39049190282821655,0.7353919744491577,0.0001250000059371814
0.13500000536441803,0.43656328320503235,0.5556203126907349,0.5521020293235779,0.008058846928179264,0.4453187882900238,0.7430318593978882,0.43688732385635376,0.43334537744522095,0.008113302290439606,0.35355302691459656,0.6594353914260864,0.0001250000059371814
0.13500000536441803,0.43131208419799805,0.5638834238052368,0.5604086518287659,0.008055764250457287,0.44446244835853577,0.7487483620643616,0.38820263743400574,0.384714275598526,0.008087820373475552,0.331037700176239,0.6213911175727844,6.25000029685907e-05
0.13500000536441803,0.42604783177375793,0.5404722094535828,0.5370380878448486,0.008060979656875134,0.43957364559173584,0.7328782081604004,0.3943246901035309,0.3908500075340271,0.008155807852745056,0.3330398201942444,0.6262946128845215,6.25000029685907e-05
0.13500000536441803,0.42077070474624634,0.552480936050415,0.5490859150886536,0.008068185299634933,0.442918986082077,0.7411394715309143,0.395840585231781,0.392441987991333,0.008077062666416168,0.333108514547348,0.627604603767395,6.25000029685907e-05
0.13500000536441803,0.4154808819293976,0.5521912574768066,0.5488433837890625,0.00805795006453991,0.4440847635269165,0.7410880327224731,0.41551363468170166,0.4121314585208893,0.008140415884554386,0.34820932149887085,0.64310222864151,6.25000029685907e-05
0.13500000536441803,0.41017863154411316,0.5339339375495911,0.5306286811828613,0.008057990111410618,0.43977558612823486,0.7285230755805969,0.41093888878822327,0.4075995683670044,0.008141368627548218,0.33781692385673523,0.6395896077156067,6.25000029685907e-05
0.13500000536441803,0.4048641324043274,0.5426247119903564,0.5393626093864441,0.008057084865868092,0.4425409436225891,0.7340510487556458,0.39207881689071655,0.38880300521850586,0.008091583847999573,0.3300415277481079,0.6246745586395264,6.25000029685907e-05
0.13500000536441803,0.399537593126297,0.5472611784934998,0.5440416932106018,0.008058374747633934,0.43952712416648865,0.7377081513404846,0.39257845282554626,0.38934171199798584,0.00810111965984106,0.3312169015407562,0.6251562833786011,6.25000029685907e-05
0.13500000536441803,0.3941992223262787,0.5608159899711609,0.5576386451721191,0.008061370812356472,0.4433475732803345,0.7469260692596436,0.4201028347015381,0.41690680384635925,0.008107920177280903,0.3456822335720062,0.6468883752822876,6.25000029685907e-05
0.13500000536441803,0.38884925842285156,0.5503770112991333,0.5472437143325806,0.008057967759668827,0.44116777181625366,0.7398210763931274,0.41330644488334656,0.41014641523361206,0.008126460015773773,0.34373748302459717,0.6415320038795471,6.25000029685907e-05
0.13500000536441803,0.38348788022994995,0.5722296833992004,0.5691406726837158,0.008055338636040688,0.4424935579299927,0.7518258094787598,0.39906251430511475,0.39595094323158264,0.008113636635243893,0.33559441566467285,0.6304249167442322,6.25000029685907e-05
0.13500000536441803,0.37811529636383057,0.5413362383842468,0.5382903814315796,0.008054734207689762,0.44156211614608765,0.733860433101654,0.39527812600135803,0.39221787452697754,0.008093683049082756,0.3298928141593933,0.6275142431259155,6.25000029685907e-05
0.13500000536441803,0.3727317452430725,0.5462857484817505,0.5432825684547424,0.008057136088609695,0.4429744780063629,0.736882746219635,0.4050103724002838,0.40197041630744934,0.008155685849487782,0.3372282087802887,0.6351786255836487,6.25000029685907e-05
0.13500000536441803,0.3673374354839325,0.5351335406303406,0.5321728587150574,0.008059135638177395,0.43901291489601135,0.729619026184082,0.3869536817073822,0.383980393409729,0.00809417199343443,0.330206036567688,0.6208264231681824,6.25000029685907e-05
0.13500000536441803,0.36193254590034485,0.5512290596961975,0.5483104586601257,0.008063825778663158,0.4400331676006317,0.7405160665512085,0.5111501812934875,0.5082023739814758,0.008144264109432697,0.38547223806381226,0.7140551805496216,6.25000029685907e-05
0.13500000536441803,0.35651734471321106,0.5454487800598145,0.542576014995575,0.008057267405092716,0.4397237300872803,0.7368210554122925,0.41424986720085144,0.4113543927669525,0.00812088418751955,0.3427751362323761,0.642562985420227,6.25000029685907e-05
0.13500000536441803,0.35109198093414307,0.5414958596229553,0.5386655330657959,0.008060477674007416,0.44047150015830994,0.7338477969169617,0.39216774702072144,0.3893234133720398,0.008101326413452625,0.33088043332099915,0.6250829696655273,6.25000029685907e-05
0.13500000536441803,0.34565675258636475,0.5514758229255676,0.548689603805542,0.008059998974204063,0.4405617415904999,0.7409992814064026,0.4028446674346924,0.40003496408462524,0.008128520101308823,0.34015581011772156,0.6336581707000732,6.25000029685907e-05
0.13500000536441803,0.34021177887916565,0.5491701364517212,0.5464287400245667,0.008057985454797745,0.4430466592311859,0.7391901016235352,0.4042162001132965,0.4014458954334259,0.008143017068505287,0.3396224081516266,0.6346352696418762,6.25000029685907e-05
0.13500000536441803,0.33475735783576965,0.5513197183609009,0.5486217737197876,0.008059981279075146,0.4410148859024048,0.7407867908477783,0.3909672498703003,0.38825446367263794,0.008104098029434681,0.3323962390422821,0.6242565512657166,6.25000029685907e-05
0.13500000536441803,0.3292936384677887,0.5343137979507446,0.5316595435142517,0.008060948923230171,0.4380325675010681,0.7292570471763611,0.4265366494655609,0.4238622784614563,0.008121759630739689,0.3540821373462677,0.6520260572433472,6.25000029685907e-05
0.13500000536441803,0.32382088899612427,0.5539182424545288,0.5513097047805786,0.0080559765920043,0.4396941363811493,0.7426861524581909,0.3876141309738159,0.38499754667282104,0.008080193772912025,0.33043140172958374,0.6215558052062988,6.25000029685907e-05
0.13500000536441803,0.3183393180370331,0.5470004677772522,0.54443359375,0.008063782006502151,0.44238078594207764,0.7379882335662842,0.41165781021118164,0.40909960865974426,0.008035884238779545,0.3441500663757324,0.6407904028892517,6.25000029685907e-05
0.13500000536441803,0.31284910440444946,0.5431168079376221,0.540595293045044,0.008060002699494362,0.44168710708618164,0.7350184917449951,0.38605207204818726,0.3835141360759735,0.008112363517284393,0.32468122243881226,0.6204341650009155,6.25000029685907e-05
0.13500000536441803,0.3073504865169525,0.5407438278198242,0.5382669568061829,0.008059931918978691,0.43882036209106445,0.733310878276825,0.406228244304657,0.40375298261642456,0.00805331114679575,0.34306469559669495,0.636439859867096,6.25000029685907e-05
0.13500000536441803,0.30184367299079895,0.5304242372512817,0.5279907584190369,0.008062120527029037,0.4394095540046692,0.726572573184967,0.38595619797706604,0.38350769877433777,0.008111897855997086,0.3296879231929779,0.6204756498336792,6.25000029685907e-05
0.13500000536441803,0.29632893204689026,0.5483512282371521,0.5459607839584351,0.008066403679549694,0.44343358278274536,0.7391438484191895,0.40646421909332275,0.40405336022377014,0.008135576732456684,0.3434320390224457,0.636758029460907,6.25000029685907e-05
0.13500000536441803,0.2908064126968384,0.5373143553733826,0.5349696278572083,0.008063005283474922,0.4379861354827881,0.731404185295105,0.37813740968704224,0.37578606605529785,0.008085970766842365,0.32705238461494446,0.6142129898071289,6.25000029685907e-05
0.13500000536441803,0.2852763533592224,0.5358574986457825,0.5335578322410583,0.00806164275854826,0.43934014439582825,0.730244517326355,0.4486665427684784,0.4463617205619812,0.008079181425273418,0.3562896251678467,0.6693898439407349,6.25000029685907e-05
0.13500000536441803,0.27973899245262146,0.5413088202476501,0.5390548706054688,0.00805664248764515,0.43807050585746765,0.7343713641166687,0.38712766766548157,0.3848576843738556,0.008114311844110489,0.3297146260738373,0.6215386390686035,6.25000029685907e-05
0.13500000536441803,0.27419450879096985,0.5373317003250122,0.535121738910675,0.008060858584940434,0.44042298197746277,0.7315571308135986,0.38723480701446533,0.38501203060150146,0.008106446824967861,0.3316366970539093,0.62155681848526,6.25000029685907e-05
0.13500000536441803,0.26864317059516907,0.5228613615036011,0.5206969976425171,0.008055798709392548,0.4374231994152069,0.7216553688049316,0.40990427136421204,0.40772202610969543,0.008122787810862064,0.3393131494522095,0.6396685242652893,6.25000029685907e-05
0.13500000536441803,0.26308518648147583,0.5392113327980042,0.5370908379554749,0.008060592226684093,0.43876928091049194,0.7330808639526367,0.4187258780002594,0.41658541560173035,0.008136008866131306,0.35008323192596436,0.6466220021247864,6.25000029685907e-05
0.13500000536441803,0.25752076506614685,0.5504411458969116,0.5483640432357788,0.00806739367544651,0.44057002663612366,0.7407108545303345,0.38797736167907715,0.3858935534954071,0.008091764524579048,0.3271561563014984,0.6223850846290588,6.25000029685907e-05
0.13500000536441803,0.25195011496543884,0.5371465086936951,0.5351151823997498,0.008062297478318214,0.44002798199653625,0.7313354015350342,0.3888038694858551,0.386762797832489,0.008101191371679306,0.3327426612377167,0.6231104731559753,6.25000029685907e-05
0.13500000536441803,0.24637344479560852,0.5255114436149597,0.5235239267349243,0.008065474219620228,0.43639445304870605,0.7236518263816833,0.3825075626373291,0.3805125653743744,0.008096852339804173,0.32772576808929443,0.6180707216262817,6.25000029685907e-05
0.13500000536441803,0.24079102277755737,0.553176999092102,0.551236629486084,0.008058433420956135,0.439418226480484,0.7425814270973206,0.41303929686546326,0.4110822081565857,0.008127509616315365,0.3422014117240906,0.6423193216323853,6.25000029685907e-05
0.13500000536441803,0.23520302772521973,0.5282900333404541,0.5263938307762146,0.008062047883868217,0.4397317171096802,0.7256160378456116,0.3917645514011383,0.3898600935935974,0.008096597157418728,0.336138516664505,0.6254746913909912,6.25000029685907e-05
0.13500000536441803,0.22960969805717468,0.5349503755569458,0.5330990552902222,0.008061699569225311,0.43712764978408813,0.7302525043487549,0.4206392467021942,0.4187658131122589,0.008158951066434383,0.3529073894023895,0.6482226252555847,6.25000029685907e-05
0.13500000536441803,0.22401125729084015,0.537790834903717,0.5359852313995361,0.008061000145971775,0.4385473430156708,0.7320844531059265,0.39513590931892395,0.39333486557006836,0.008039606735110283,0.330929696559906,0.6283742189407349,6.25000029685907e-05
0.13500000536441803,0.21840792894363403,0.5388295650482178,0.5370683073997498,0.008063707500696182,0.43814244866371155,0.7329376935958862,0.39051204919815063,0.3887450098991394,0.008089985698461533,0.3359672427177429,0.6245831847190857,6.25000029685907e-05
0.13500000536441803,0.21279990673065186,0.5252008438110352,0.523485541343689,0.008060432970523834,0.43699929118156433,0.7236416935920715,0.5141226053237915,0.5123946666717529,0.008120089769363403,0.3910360634326935,0.7169214487075806,6.25000029685907e-05
0.13500000536441803,0.2071874439716339,0.5263102054595947,0.5246394276618958,0.008063426241278648,0.43950220942497253,0.7242253422737122,0.38211169838905334,0.38043469190597534,0.008094088174402714,0.32766714692115784,0.6179563999176025,6.25000029685907e-05
0.13500000536441803,0.20157074928283691,0.5398735404014587,0.5382503867149353,0.008053814992308617,0.4406696557998657,0.7338096499443054,0.38106733560562134,0.3794286847114563,0.00812937505543232,0.33105233311653137,0.6171433329582214,6.25000029685907e-05
0.13500000536441803,0.19595004618167877,0.5397989749908447,0.5382203459739685,0.008057736791670322,0.4389013946056366,0.7332086563110352,0.42654550075531006,0.4249558448791504,0.00811257679015398,0.3522947132587433,0.6530757546424866,6.25000029685907e-05
0.13500000536441803,0.1903255432844162,0.5397135615348816,0.5381796956062317,0.008059605024755001,0.43953534960746765,0.7333695888519287,0.3955502212047577,0.3940054476261139,0.008116332814097404,0.33365488052368164,0.6287665963172913,6.25000029685907e-05
0.13500000536441803,0.1846974790096283,0.5310452580451965,0.5295575261116028,0.008055147714912891,0.43635377287864685,0.727952778339386,0.42165860533714294,0.420163631439209,0.008094157092273235,0.34568703174591064,0.6494237184524536,6.25000029685907e-05
0.13500000536441803,0.17906607687473297,0.5415650010108948,0.5401210784912109,0.008062457665801048,0.43676987290382385,0.7348698973655701,0.4061942994594574,0.40474116802215576,0.008115538395941257,0.3388575315475464,0.6373692154884338,6.25000029685907e-05
0.13500000536441803,0.17343154549598694,0.5344105362892151,0.533011794090271,0.008066575974225998,0.4372800886631012,0.7302441000938416,0.394902765750885,0.39349767565727234,0.008100997656583786,0.32792845368385315,0.6284904479980469,3.125000148429535e-05
0.13500000536441803,0.1677941232919693,0.5300467610359192,0.5286943316459656,0.008060510270297527,0.4376313388347626,0.7271671891212463,0.39217716455459595,0.390812486410141,0.008132841438055038,0.3275722861289978,0.6263077855110168,3.125000148429535e-05
0.13500000536441803,0.16215401887893677,0.5365064144134521,0.5351994633674622,0.008062298409640789,0.44054707884788513,0.7317148447036743,0.37192776799201965,0.3706139326095581,0.008102535270154476,0.3247476816177368,0.6098830103874207,3.125000148429535e-05
0.13500000536441803,0.15651147067546844,0.5146881341934204,0.5134261250495911,0.008062814362347126,0.4344717562198639,0.7167339324951172,0.37526071071624756,0.37399324774742126,0.008097844198346138,0.3220979869365692,0.6127126812934875,3.125000148429535e-05
0.13500000536441803,0.15086668729782104,0.5358263850212097,0.5346102118492126,0.008061060681939125,0.43709591031074524,0.7313085794448853,0.37395498156547546,0.3727298676967621,0.008119631558656693,0.3227546513080597,0.6116322875022888,3.125000148429535e-05
0.13500000536441803,0.14521989226341248,0.5337846875190735,0.5326127409934998,0.008069717325270176,0.4348354637622833,0.7297918796539307,0.37171563506126404,0.3705373704433441,0.008113971911370754,0.3245510756969452,0.6098247170448303,3.125000148429535e-05
0.13500000536441803,0.13957130908966064,0.5188610553741455,0.517735481262207,0.008065984584391117,0.4347793757915497,0.7194872498512268,0.37419265508651733,0.37305787205696106,0.008130716159939766,0.3262043595314026,0.6118707656860352,3.125000148429535e-05
0.13500000536441803,0.13392116129398346,0.5397699475288391,0.5386900901794434,0.008061867207288742,0.43784618377685547,0.7340248227119446,0.38567233085632324,0.38458558917045593,0.008115440607070923,0.32513904571533203,0.6213260293006897,3.125000148429535e-05
0.13500000536441803,0.12826968729496002,0.5249503254890442,0.5239162445068359,0.00805977638810873,0.4351825416088104,0.7238821387290955,0.3726809322834015,0.37163951992988586,0.008118581026792526,0.3238452970981598,0.610714316368103,3.125000148429535e-05
0.13500000536441803,0.12261708825826645,0.5428982973098755,0.5419092774391174,0.008064641617238522,0.4380379021167755,0.736291229724884,0.37155139446258545,0.3705570101737976,0.00810982659459114,0.3232996165752411,0.6098582744598389,3.125000148429535e-05
0.13500000536441803,0.11696359515190125,0.5399956703186035,0.5390526652336121,0.008060748688876629,0.43910571932792664,0.7343356609344482,0.3779773712158203,0.37702885270118713,0.008108601905405521,0.32591915130615234,0.6151255369186401,3.125000148429535e-05
0.13500000536441803,0.11130943894386292,0.5317017436027527,0.5308042764663696,0.008061278611421585,0.43481332063674927,0.7287677526473999,0.38730326294898987,0.38640227913856506,0.008094524033367634,0.3295042812824249,0.6228129863739014,3.125000148429535e-05
0.13500000536441803,0.10565482825040817,0.5230739712715149,0.522222101688385,0.008065308444201946,0.43145129084587097,0.7227331399917603,0.38806524872779846,0.38721269369125366,0.00806884840130806,0.32819780707359314,0.6234690546989441,3.125000148429535e-05
0.13500000536441803,0.10000000149011612,0.5192307233810425,0.5184251666069031,0.008056801743805408,0.43366292119026184,0.7199141979217529,0.3910258114337921,0.39021509885787964,0.008107240311801434,0.3269473612308502,0.6258699297904968,3.125000148429535e-05
0.13500000536441803,0.09434516727924347,0.5267698764801025,0.5260095000267029,0.00806254893541336,0.4345453381538391,0.7251105308532715,0.38192272186279297,0.38115841150283813,0.0081009017303586,0.32435011863708496,0.6185184121131897,3.125000148429535e-05
0.13500000536441803,0.08869056403636932,0.5402079224586487,0.5394932627677917,0.008061581291258335,0.43645408749580383,0.7346798777580261,0.37526658177375793,0.37454748153686523,0.008108455687761307,0.3224886953830719,0.6130994558334351,3.125000148429535e-05
0.13500000536441803,0.083036407828331,0.5273065567016602,0.5266371369361877,0.00806375965476036,0.4326613247394562,0.7257291674613953,0.37183231115341187,0.37116119265556335,0.008082074113190174,0.32453903555870056,0.6104070544242859,3.125000148429535e-05
0.13500000536441803,0.07738291472196579,0.5440693497657776,0.5434461832046509,0.008057891391217709,0.4371609389781952,0.7370709776878357,0.3729594349861145,0.37233296036720276,0.008096516132354736,0.32375457882881165,0.6113101840019226,3.125000148429535e-05
0.13500000536441803,0.07173031568527222,0.5264076590538025,0.5258294939994812,0.008060716092586517,0.43348556756973267,0.7253813147544861,0.3827923834323883,0.38221195340156555,0.008092238567769527,0.32374072074890137,0.6194703578948975,3.125000148429535e-05
0.13500000536441803,0.06607883423566818,0.5203388333320618,0.5198056697845459,0.00806766003370285,0.4352078139781952,0.721093475818634,0.37546467781066895,0.3749285340309143,0.008112283423542976,0.3234729766845703,0.6134653091430664,3.125000148429535e-05
0.13500000536441803,0.060428693890571594,0.5176798701286316,0.5171926021575928,0.00806114636361599,0.43577319383621216,0.7193894386291504,0.37843719124794006,0.3779470920562744,0.008110187016427517,0.32447993755340576,0.6159756779670715,3.125000148429535e-05
0.13500000536441803,0.05478011444211006,0.5400599837303162,0.5396186113357544,0.008059410378336906,0.4356480836868286,0.7346154451370239,0.3791724741458893,0.3787291646003723,0.008092384785413742,0.3242706060409546,0.6165880560874939,3.125000148429535e-05
0.13500000536441803,0.04913331940770149,0.5301685929298401,0.5297727584838867,0.008062215521931648,0.43423646688461304,0.7279223799705505,0.3813597857952118,0.3809622824192047,0.008093651384115219,0.3257875144481659,0.6183857321739197,3.125000148429535e-05
0.13500000536441803,0.043488532304763794,0.53777015209198,0.5374196171760559,0.008069530129432678,0.4373234212398529,0.7332752346992493,0.3776278793811798,0.37727612257003784,0.008087124675512314,0.3281513452529907,0.6153523921966553,3.125000148429535e-05
0.13500000536441803,0.037845976650714874,0.5343924164772034,0.5340876579284668,0.008061237633228302,0.4354676604270935,0.7309887409210205,0.37154701352119446,0.3712397813796997,0.008115191012620926,0.3244648277759552,0.6104080080986023,3.125000148429535e-05
0.13500000536441803,0.03220587596297264,0.5285922288894653,0.5283329486846924,0.008058297447860241,0.4366028904914856,0.7260522842407227,0.37571752071380615,0.37545663118362427,0.008101548999547958,0.3240360617637634,0.6138719320297241,3.125000148429535e-05
0.13500000536441803,0.026568450033664703,0.5467702746391296,0.5465561151504517,0.00805714912712574,0.4390701353549957,0.7391707301139832,0.3795364797115326,0.3793210983276367,0.008104126900434494,0.32466834783554077,0.6170398592948914,3.125000148429535e-05
0.13500000536441803,0.02093392238020897,0.5255302786827087,0.5253608822822571,0.008062348701059818,0.4345874786376953,0.7249302268028259,0.376583069562912,0.37641361355781555,0.00810280442237854,0.32822683453559875,0.6146882176399231,3.125000148429535e-05
0.13500000536441803,0.015302518382668495,0.5307202339172363,0.5305973291397095,0.0080660255625844,0.4344489276409149,0.7286601662635803,0.38246023654937744,0.38233640789985657,0.008092731237411499,0.3287092447280884,0.6194463968276978,3.125000148429535e-05
0.13500000536441803,0.009674456901848316,0.5226829648017883,0.5226051807403564,0.008055935613811016,0.43620607256889343,0.7230666875839233,0.37408214807510376,0.3740035891532898,0.00811267551034689,0.3247171938419342,0.6126320958137512,3.125000148429535e-05
0.13500000536441803,0.004049960989505053,0.5166501402854919,0.5166191458702087,0.008065269328653812,0.4341531991958618,0.7189137935638428,0.379802405834198,0.379769504070282,0.008115758188068867,0.3226569592952728,0.6173936724662781,1.5625000742147677e-05
0.13500000536441803,-0.0015707464190199971,0.518359899520874,0.5183722972869873,0.008061987347900867,0.43309372663497925,0.7198927402496338,0.3752512037754059,0.37526386976242065,0.008104556240141392,0.3226984739303589,0.613723635673523,1.5625000742147677e-05
0.13500000536441803,-0.0071874442510306835,0.5493826866149902,0.5494425296783447,0.008063795045018196,0.4382982552051544,0.7411232590675354,0.3757685124874115,0.3758268654346466,0.008106342516839504,0.32340946793556213,0.6142230033874512,1.5625000742147677e-05
0.13500000536441803,-0.012799910269677639,0.5302187204360962,0.5303215980529785,0.008067352697253227,0.43536460399627686,0.7282366752624512,0.3743833601474762,0.37448716163635254,0.008109107613563538,0.3213505446910858,0.6131091713905334,1.5625000742147677e-05
0.13500000536441803,-0.018407924100756645,0.5168451070785522,0.5169945955276489,0.008067936636507511,0.4331474006175995,0.7191498279571533,0.3774331510066986,0.3775826394557953,0.008120818994939327,0.32321789860725403,0.615642786026001,1.5625000742147677e-05
0.13500000536441803,-0.024011261761188507,0.5252765417098999,0.5254692435264587,0.008061076514422894,0.43424075841903687,0.7249792218208313,0.3785942494869232,0.37878891825675964,0.00810529850423336,0.32069259881973267,0.6165746450424194,1.5625000742147677e-05
0.13500000536441803,-0.02960970439016819,0.5249350070953369,0.5251741409301758,0.008062315173447132,0.435778945684433,0.7249112129211426,0.3788112998008728,0.37905120849609375,0.008101110346615314,0.3231979310512543,0.6168148517608643,1.5625000742147677e-05
0.13500000536441803,-0.035203028470277786,0.5230069160461426,0.5232906341552734,0.008060947060585022,0.4346635043621063,0.7235348224639893,0.37057456374168396,0.3708595633506775,0.008099127560853958,0.32207149267196655,0.6101359724998474,1.5625000742147677e-05
0.13500000536441803,-0.040791019797325134,0.5195003747940063,0.5198297500610352,0.00806323904544115,0.43377313017845154,0.7208997011184692,0.3719578981399536,0.3722887635231018,0.0081104701384902,0.320341557264328,0.6112983822822571,1.5625000742147677e-05
0.13500000536441803,-0.04637344926595688,0.5250540375709534,0.5254278779029846,0.008065037429332733,0.43566927313804626,0.7237359285354614,0.37462371587753296,0.37499985098838806,0.008111817762255669,0.3220248222351074,0.6134873628616333,1.5625000742147677e-05
0.13500000536441803,-0.05195010080933571,0.532755970954895,0.5331751108169556,0.008063353598117828,0.43545040488243103,0.7303723096847534,0.37077948451042175,0.37120044231414795,0.00810218509286642,0.32072678208351135,0.6103958487510681,1.5625000742147677e-05
0.13500000536441803,-0.057520754635334015,0.5319211483001709,0.5323851704597473,0.008065423928201199,0.4348684251308441,0.7292208075523376,0.3763476312160492,0.37681302428245544,0.008092627860605717,0.3225342333316803,0.6150068044662476,1.5625000742147677e-05
0.13500000536441803,-0.06308519095182419,0.5452600121498108,0.5457683205604553,0.008057642728090286,0.43639230728149414,0.7380589842796326,0.3800002634525299,0.38051167130470276,0.008109127171337605,0.3243328928947449,0.6180642247200012,1.5625000742147677e-05
0.13500000536441803,-0.06864318251609802,0.5162768959999084,0.5168298482894897,0.008057838305830956,0.4301772117614746,0.7186352610588074,0.37664681673049927,0.37720194458961487,0.008088595233857632,0.3237153887748718,0.6153777837753296,1.5625000742147677e-05
0.13500000536441803,-0.0741945207118988,0.5019707083702087,0.5025681853294373,0.008053331635892391,0.42970743775367737,0.7089341282844543,0.37373432517051697,0.374335378408432,0.008100510574877262,0.32150715589523315,0.6129984855651855,1.5625000742147677e-05
0.13500000536441803,-0.07973898202180862,0.5262974500656128,0.5269402861595154,0.008062008768320084,0.4325401484966278,0.7260342240333557,0.3711266815662384,0.3717719316482544,0.008092219941318035,0.3218929171562195,0.6109085083007812,1.5625000742147677e-05
0.13500000536441803,-0.08527635037899017,0.5484989881515503,0.549186646938324,0.008064661175012589,0.43695396184921265,0.74110347032547,0.3713219165802002,0.3720128834247589,0.008102869614958763,0.3219000995159149,0.6110909581184387,1.5625000742147677e-05
0.13500000536441803,-0.09080640226602554,0.5132461190223694,0.5139780044555664,0.008058937266469002,0.43286246061325073,0.7170813083648682,0.37445592880249023,0.37519118189811707,0.008097405545413494,0.3208755850791931,0.6136957406997681,1.5625000742147677e-05
0.13500000536441803,-0.09632891416549683,0.5321182012557983,0.5328953862190247,0.008066615089774132,0.4331819713115692,0.7301871180534363,0.3702727258205414,0.37105369567871094,0.008107746951282024,0.3199007213115692,0.6102928519248962,1.5625000742147677e-05
0.13500000536441803,-0.1018436849117279,0.5465882420539856,0.5474094152450562,0.008062836714088917,0.4342968165874481,0.7397894263267517,0.3696955442428589,0.3705204427242279,0.008099867030978203,0.3209151029586792,0.6098418831825256,1.5625000742147677e-05
0.13500000536441803,-0.10735048353672028,0.5332683324813843,0.5341338515281677,0.00806145928800106,0.4340442419052124,0.7310785055160522,0.3696511685848236,0.37052109837532043,0.008103901520371437,0.32052522897720337,0.6098546981811523,1.5625000742147677e-05
0.13500000536441803,-0.11284909397363663,0.5442569255828857,0.5451669692993164,0.008061704225838184,0.4352213144302368,0.7355272173881531,0.37022632360458374,0.3711421489715576,0.008115096017718315,0.32058990001678467,0.6103551387786865,1.5625000742147677e-05
0.13500000536441803,-0.11833930760622025,0.5314826965332031,0.5324379205703735,0.008071375079452991,0.435743510723114,0.7299411296844482,0.37309640645980835,0.37405580282211304,0.008108253590762615,0.32481813430786133,0.6127483248710632,1.5625000742147677e-05
0.13500000536441803,-0.12382090091705322,0.5375334024429321,0.538531482219696,0.008060205727815628,0.4366724193096161,0.7339802980422974,0.36806222796440125,0.3690643012523651,0.008093385957181454,0.3220486342906952,0.6086482405662537,1.5625000742147677e-05
0.13500000536441803,-0.12929365038871765,0.5340034365653992,0.5350461006164551,0.008063474670052528,0.4342341721057892,0.7316436171531677,0.3706643283367157,0.37171223759651184,0.008104909211397171,0.32297712564468384,0.6108691692352295,1.5625000742147677e-05
0.13500000536441803,-0.13475735485553741,0.517596423625946,0.5186824798583984,0.008057969622313976,0.4339255690574646,0.7201268076896667,0.3684784770011902,0.3695695996284485,0.008097519166767597,0.32137006521224976,0.6090788841247559,1.5625000742147677e-05
0.13500000536441803,-0.1402117908000946,0.5228152275085449,0.5239456295967102,0.008060099557042122,0.4336937665939331,0.7239869236946106,0.3742145001888275,0.3753492534160614,0.00809288490563631,0.3242122232913971,0.6138914227485657,1.5625000742147677e-05
0.13500000536441803,-0.1456567347049713,0.5403639674186707,0.541538417339325,0.008064333349466324,0.4340406656265259,0.736068606376648,0.3719559907913208,0.3731382191181183,0.008116288110613823,0.32260003685951233,0.6119961738586426,1.5625000742147677e-05
0.13500000536441803,-0.15109199285507202,0.514894425868988,0.5161125063896179,0.008060629479587078,0.43025869131088257,0.7180701494216919,0.3691910207271576,0.3704143464565277,0.008095813915133476,0.32179272174835205,0.6097908616065979,1.5625000742147677e-05
0.13500000536441803,-0.15651734173297882,0.5254568457603455,0.5267192721366882,0.008066495880484581,0.4335654079914093,0.7258279323577881,0.37635284662246704,0.37762218713760376,0.008109490387141705,0.32291221618652344,0.615683913230896,1.5625000742147677e-05
0.13500000536441803,-0.1619325429201126,0.5254590511322021,0.5267655849456787,0.008066262118518353,0.4332035183906555,0.7259697318077087,0.3700477182865143,0.371359646320343,0.008101792074739933,0.3218953013420105,0.610512375831604,1.5625000742147677e-05
0.13500000536441803,-0.16733741760253906,0.5295730233192444,0.5309211015701294,0.008056629449129105,0.4355035722255707,0.7285131216049194,0.370367169380188,0.3717225193977356,0.00809938833117485,0.32096368074417114,0.6108260154724121,1.5625000742147677e-05
0.13500000536441803,-0.17273174226284027,0.5037972331047058,0.5051896572113037,0.008060639724135399,0.4311065375804901,0.7109228372573853,0.36808425188064575,0.36948415637016296,0.008104783482849598,0.32051587104797363,0.609015941619873,1.5625000742147677e-05
0.13500000536441803,-0.17811529338359833,0.5519604086875916,0.5533970594406128,0.008063503541052341,0.43729880452156067,0.7440588474273682,0.36884209513664246,0.37028783559799194,0.008117493242025375,0.3215957283973694,0.609643816947937,1.5625000742147677e-05
0.13500000536441803,-0.18348786234855652,0.5267862677574158,0.528266429901123,0.0080646313726902,0.4325832426548004,0.7269523739814758,0.36775869131088257,0.36924973130226135,0.008125729858875275,0.32116541266441345,0.6087715029716492,1.5625000742147677e-05
0.13500000536441803,-0.18884925544261932,0.5208811163902283,0.5224036574363708,0.008064733818173409,0.43079814314842224,0.7229382395744324,0.37764495611190796,0.3791777789592743,0.008115558885037899,0.32330915331840515,0.6169617176055908,1.5625000742147677e-05
0.13500000536441803,-0.19419921934604645,0.5353032946586609,0.5368687510490417,0.008061692118644714,0.4317875802516937,0.7329139709472656,0.3651762008666992,0.3667471408843994,0.008089159615337849,0.3206269145011902,0.6067052483558655,1.5625000742147677e-05
0.13500000536441803,-0.19953759014606476,0.5482898354530334,0.5498970746994019,0.008055458776652813,0.4389699101448059,0.7416129112243652,0.3742395043373108,0.375855952501297,0.008101731538772583,0.3231769800186157,0.6142498850822449,1.5625000742147677e-05
0.13500000536441803,-0.20486412942409515,0.5113598108291626,0.5130122303962708,0.008066163398325443,0.4297885298728943,0.7163072824478149,0.3664572238922119,0.3681192696094513,0.008113596588373184,0.32087787985801697,0.6078788042068481,1.5625000742147677e-05
0.13500000536441803,-0.21017862856388092,0.506791353225708,0.5084877610206604,0.008071147836744785,0.43336257338523865,0.7128037810325623,0.3754715323448181,0.37717756628990173,0.008117137476801872,0.32242509722709656,0.6153072714805603,1.5625000742147677e-05
0.13500000536441803,-0.21548089385032654,0.5164257884025574,0.5181639790534973,0.008066023699939251,0.43150633573532104,0.7199376821517944,0.3737938404083252,0.3755403161048889,0.008104952052235603,0.32103702425956726,0.6139358878135681,1.5625000742147677e-05
0.13500000536441803,-0.2207706868648529,0.5313370823860168,0.5331166386604309,0.00805993378162384,0.43480050563812256,0.7300836443901062,0.37053999304771423,0.3723299503326416,0.008108388632535934,0.32074692845344543,0.6113570332527161,1.5625000742147677e-05
0.13500000536441803,-0.2260478287935257,0.5152623057365417,0.5170864462852478,0.008070198819041252,0.43448305130004883,0.719269871711731,0.3774418532848358,0.3792738914489746,0.008104480803012848,0.32311883568763733,0.6170158386230469,1.5625000742147677e-05
0.13500000536441803,-0.231312096118927,0.5356728434562683,0.5375388264656067,0.008066680282354355,0.43651214241981506,0.7333493232727051,0.3747449815273285,0.3766181766986847,0.008098007179796696,0.32245510816574097,0.614870548248291,1.5625000742147677e-05
0.13500000536441803,-0.2365632802248001,0.5295972228050232,0.5315053462982178,0.008066962473094463,0.43327173590660095,0.7291100025177002,0.36771947145462036,0.36963698267936707,0.00810563750565052,0.32028767466545105,0.609097421169281,1.5625000742147677e-05
0.13500000536441803,-0.2418011873960495,0.5366962552070618,0.5386448502540588,0.008059053681790829,0.43664616346359253,0.7341157793998718,0.3705163300037384,0.37247392535209656,0.0080960588529706,0.320308119058609,0.6114858984947205,1.5625000742147677e-05
0.13500000536441803,-0.24702559411525726,0.5288847088813782,0.5308760404586792,0.00805995985865593,0.43388232588768005,0.7285631895065308,0.36937758326530457,0.3713808059692383,0.00810927152633667,0.3205680847167969,0.6105257272720337,1.5625000742147677e-05
0.13500000536441803,-0.2522363066673279,0.532598614692688,0.5346340537071228,0.008069666102528572,0.4334195554256439,0.7314179539680481,0.3687378168106079,0.37078070640563965,0.00809902511537075,0.3205142915248871,0.6100769639015198,1.5625000742147677e-05
0.13500000536441803,-0.25743311643600464,0.5119791626930237,0.5140547752380371,0.008062571287155151,0.43176698684692383,0.7169994115829468,0.36944103240966797,0.3715273141860962,0.008104043081402779,0.32095664739608765,0.6107030510902405,1.5625000742147677e-05
0.13500000536441803,-0.26261579990386963,0.519442617893219,0.521561324596405,0.008068783208727837,0.43128475546836853,0.7217094898223877,0.36941301822662354,0.3715396821498871,0.00809771753847599,0.32166728377342224,0.6106657981872559,1.5625000742147677e-05
0.13500000536441803,-0.2677841782569885,0.5143998265266418,0.5165589451789856,0.008061837404966354,0.433182030916214,0.7186083197593689,0.3732711374759674,0.37544170022010803,0.008106005378067493,0.3217887282371521,0.6139037013053894,1.5625000742147677e-05
0.13500000536441803,-0.2729380130767822,0.5338398218154907,0.5360392332077026,0.008059365674853325,0.43501096963882446,0.7322013974189758,0.3706313669681549,0.3728417158126831,0.008098590187728405,0.3216326832771301,0.6117772459983826,1.5625000742147677e-05
0.13500000536441803,-0.2780771553516388,0.5442370176315308,0.5464802384376526,0.00806692335754633,0.43543264269828796,0.7394492626190186,0.3683115243911743,0.3705655038356781,0.008105502463877201,0.32084065675735474,0.609909176826477,1.5625000742147677e-05
0.13500000536441803,-0.2832013666629791,0.5173818469047546,0.5196656584739685,0.00806382205337286,0.43248721957206726,0.7208281755447388,0.3688347339630127,0.37112805247306824,0.008097543381154537,0.320876806974411,0.6103480458259583,1.5625000742147677e-05
0.13500000536441803,-0.2883104383945465,0.5254853367805481,0.527809739112854,0.008062858134508133,0.433536559343338,0.7265529632568359,0.3657641112804413,0.36810263991355896,0.008110742084681988,0.31956127285957336,0.6078466176986694,1.5625000742147677e-05
0.13500000536441803,-0.2934041917324066,0.5250415802001953,0.5274072289466858,0.008063158020377159,0.4305221736431122,0.7264007329940796,0.3658798336982727,0.3682560920715332,0.008099080063402653,0.3206179738044739,0.6080161333084106,1.5625000742147677e-05
0.13500000536441803,-0.29848241806030273,0.5223010778427124,0.5247071385383606,0.008061115629971027,0.43219369649887085,0.7243995666503906,0.3688378930091858,0.37125471234321594,0.0080972108989954,0.3211745023727417,0.6104857325553894,1.5625000742147677e-05
0.13500000536441803,-0.30354490876197815,0.5035863518714905,0.5060325860977173,0.008059090003371239,0.4312533736228943,0.7114816308021545,0.36807313561439514,0.3705296814441681,0.008092716336250305,0.320139080286026,0.6098536252975464,7.812500371073838e-06
0.13500000536441803,-0.30859145522117615,0.525260865688324,0.5277478694915771,0.008060122840106487,0.4329982399940491,0.7264098525047302,0.3691312074661255,0.37163326144218445,0.008108191192150116,0.32058343291282654,0.6107712388038635,7.812500371073838e-06
0.13500000536441803,-0.3136218786239624,0.5257322788238525,0.5282613039016724,0.008062874898314476,0.43200865387916565,0.7254721522331238,0.3737274408340454,0.37627002596855164,0.008106810972094536,0.32107365131378174,0.6145651340484619,7.812500371073838e-06
0.13500000536441803,-0.3186359703540802,0.524865984916687,0.5274343490600586,0.00806104950606823,0.4332767724990845,0.7263763546943665,0.37136104702949524,0.37394365668296814,0.008105293847620487,0.32080531120300293,0.6126753091812134,7.812500371073838e-06
0.13500000536441803,-0.3236335515975952,0.5388323664665222,0.5414418578147888,0.008063944056630135,0.4354645013809204,0.7359321713447571,0.3754931688308716,0.37811896204948425,0.008113320916891098,0.32133904099464417,0.616068422794342,7.812500371073838e-06
0.13500000536441803,-0.32861438393592834,0.5190867781639099,0.5217354893684387,0.008060379885137081,0.4303774833679199,0.7223114967346191,0.36992794275283813,0.37259218096733093,0.008107653819024563,0.32002609968185425,0.6115546226501465,7.812500371073838e-06
0.13500000536441803,-0.33357831835746765,0.5303098559379578,0.5330005288124084,0.00806606374680996,0.4318775534629822,0.7300868630409241,0.3703416883945465,0.3730466067790985,0.008108383044600487,0.32007572054862976,0.6118966937065125,7.812500371073838e-06
0.13500000536441803,-0.33852511644363403,0.5139855742454529,0.5167158842086792,0.008065097033977509,0.4307275116443634,0.7189399003982544,0.36746713519096375,0.37021440267562866,0.00811519380658865,0.3197709023952484,0.6095995903015137,7.812500371073838e-06
0.13500000536441803,-0.34345459938049316,0.5129913091659546,0.515761137008667,0.008064298890531063,0.43303656578063965,0.7182555198669434,0.3686615228652954,0.37144696712493896,0.00810998771339655,0.3195086419582367,0.6106098890304565,7.812500371073838e-06
0.13500000536441803,-0.3483665883541107,0.5284966826438904,0.5313068628311157,0.00806605163961649,0.43587636947631836,0.729087769985199,0.3691677749156952,0.3719925284385681,0.008108445443212986,0.3207045793533325,0.6110527515411377,7.812500371073838e-06
0.13500000536441803,-0.35326087474823,0.5293623805046082,0.5322110056877136,0.008063950575888157,0.43358156085014343,0.7296693921089172,0.3711831569671631,0.37404459714889526,0.00810015294700861,0.3210340738296509,0.6127293705940247,7.812500371073838e-06
0.13500000536441803,-0.3581372797489166,0.5237193703651428,0.5266039967536926,0.008054274134337902,0.43284788727760315,0.725597620010376,0.36832395195961,0.37122610211372375,0.008103434927761555,0.3196980059146881,0.6104364991188049,7.812500371073838e-06
0.13500000536441803,-0.36299559473991394,0.5280601382255554,0.5309852361679077,0.008058990351855755,0.4329117238521576,0.7288367748260498,0.36878129839897156,0.3717215359210968,0.008099839091300964,0.31919848918914795,0.610826849937439,7.812500371073838e-06
0.13500000536441803,-0.3678356111049652,0.5358349084854126,0.5388001203536987,0.008061552420258522,0.4353111982345581,0.7339779734611511,0.36821186542510986,0.3711918294429779,0.008101371116936207,0.320674866437912,0.610414445400238,7.812500371073838e-06
0.13500000536441803,-0.3726571798324585,0.5253156423568726,0.528319239616394,0.008059470914304256,0.4347133934497833,0.7267683744430542,0.36651092767715454,0.36952924728393555,0.008099558763206005,0.3203878700733185,0.6090149879455566,7.812500371073838e-06
0.13500000536441803,-0.3774600625038147,0.5132425427436829,0.5162862539291382,0.008063411340117455,0.43175655603408813,0.7187323570251465,0.36757197976112366,0.37063243985176086,0.008108251728117466,0.3208876848220825,0.6099342703819275,7.812500371073838e-06
0.13500000536441803,-0.3822441101074219,0.5241466760635376,0.5272290110588074,0.008064036257565022,0.4333092272281647,0.7261326909065247,0.3702789545059204,0.3733799159526825,0.008112403564155102,0.32081693410873413,0.6121924519538879,7.812500371073838e-06
0.13500000536441803,-0.3870091140270233,0.5278802514076233,0.5310010313987732,0.008064929395914078,0.43323129415512085,0.7287213802337646,0.3718353807926178,0.37497711181640625,0.008117645978927612,0.3208726644515991,0.6134907603263855,7.812500371073838e-06
0.13500000536441803,-0.3917549252510071,0.5344538688659668,0.5376129150390625,0.008064715191721916,0.43356969952583313,0.7326239943504333,0.36982569098472595,0.373002290725708,0.008108316920697689,0.32119277119636536,0.61189866065979,7.812500371073838e-06
0.13500000536441803,-0.3964812755584717,0.5212734341621399,0.5244700908660889,0.008061775006353855,0.4352603554725647,0.7244890332221985,0.3710050582885742,0.37422189116477966,0.008113239891827106,0.32082539796829224,0.6128823757171631,7.812500371073838e-06
0.13500000536441803,-0.40118804574012756,0.5230973362922668,0.5263336300849915,0.008067301474511623,0.43294432759284973,0.7253381609916687,0.369706928730011,0.3729577660560608,0.008102945983409882,0.32094019651412964,0.611847996711731,3.906250185536919e-06
0.13500000536441803,-0.405875027179718,0.5285266041755676,0.5317986011505127,0.008062181062996387,0.43426284193992615,0.7294227480888367,0.3707829713821411,0.37407222390174866,0.008104300126433372,0.3208484947681427,0.6127661466598511,3.906250185536919e-06
0.13500000536441803,-0.4105420410633087,0.5108095407485962,0.5141202211380005,0.008063850924372673,0.43068668246269226,0.71718430519104,0.37163567543029785,0.37496399879455566,0.00810729619115591,0.3208956718444824,0.6134976744651794,3.906250185536919e-06
0.13500000536441803,-0.41518890857696533,0.522860586643219,0.5262052416801453,0.008055360987782478,0.4337775409221649,0.725512683391571,0.37181878089904785,0.37518295645713806,0.008103118278086185,0.3214668035507202,0.613686203956604,3.906250185536919e-06
0.13500000536441803,-0.41981542110443115,0.5265265703201294,0.5299104452133179,0.00805994588881731,0.4352710247039795,0.7279810309410095,0.3723629117012024,0.37576544284820557,0.008104617707431316,0.32136788964271545,0.6141592860221863,3.906250185536919e-06
0.13500000536441803,-0.42442142963409424,0.5193570852279663,0.5227792859077454,0.008063413202762604,0.4322010278701782,0.7229598164558411,0.36839523911476135,0.37183529138565063,0.008105561137199402,0.3200717270374298,0.6109259724617004,3.906250185536919e-06
0.13500000536441803,-0.4290067255496979,0.5157022476196289,0.5191607475280762,0.008062097243964672,0.4321909248828888,0.7206519842147827,0.3688298761844635,0.372305691242218,0.008101955987513065,0.32058221101760864,0.6113197207450867,3.906250185536919e-06
0.13500000536441803,-0.43357113003730774,0.5274045467376709,0.5309000015258789,0.008061133325099945,0.4328027367591858,0.7284796833992004,0.3716660439968109,0.37518101930618286,0.00810684822499752,0.3210535943508148,0.6136742830276489,3.906250185536919e-06
0.13500000536441803,-0.4381144940853119,0.536386251449585,0.5399165749549866,0.008058018982410431,0.4345974922180176,0.7343343496322632,0.37122687697410583,0.37477704882621765,0.008103415369987488,0.3213500380516052,0.6133418083190918,3.906250185536919e-06
0.13500000536441803,-0.4426365792751312,0.5273507833480835,0.5309174656867981,0.008057456463575363,0.4323277175426483,0.7286071181297302,0.37043240666389465,0.3740195333957672,0.008104439824819565,0.3209746778011322,0.6127246618270874,3.906250185536919e-06
